Bisakah Anda membantu saya pindah ke tempat tinggal yang berbeda?,4
Saya mencari dukungan dalam pindah ke rumah baru.,4
Bisakah Anda membantu saya dengan relokasi saya ke tempat lain?,4
Saya mencari bantuan untuk pindah ke alamat yang berbeda.,4
Bisakah Anda memberikan dukungan untuk perubahan tempat tinggal saya?,4
Saya butuh bimbingan untuk pindah ke tempat tinggal baru.,4
Bisakah Anda menawarkan bantuan dengan relokasi saya?,4
Saya membutuhkan bantuan untuk pindah ke tempat baru.,4
Bisakah Anda membantu saya dengan transisi ke tempat tinggal yang berbeda?,4
Bisakah Anda membantu saya pindah ke alamat lain?,4
Saya butuh bantuan dalam proses pindah ke tempat yang berbeda.,4
Bisakah Anda membantu saya pindah ke alamat baru?,4
Saya mencari dukungan dalam transisi saya ke rumah baru.,4
Saya membutuhkan bantuan dalam proses mengubah tempat tinggal saya.,4
Bisakah Anda membantu saya dengan pindah ke tempat yang berbeda?,4
Saya membutuhkan bantuan untuk relokasi saya ke tempat baru.,4
Bisakah Anda membantu saya dengan transisi ke alamat yang berbeda?,4
Bisakah Anda membantu saya dengan transisi ke tempat yang berbeda?,4
Bisakah Anda membantu saya pindah ke lokasi lain?,4
Saya mencari bimbingan untuk kepindahan saya ke tempat tinggal baru.,4
Bisakah Anda menawarkan bantuan dengan perubahan alamat saya?,4
Saya membutuhkan bantuan untuk pindah ke tempat yang berbeda.,4
Bisakah Anda membantu saya pindah ke rumah baru?,4
Saya mencari dukungan dalam transisi saya ke alamat yang berbeda.,4
Saya membutuhkan bantuan dalam proses mengubah lokasi hidup saya.,4
Bisakah Anda membantu saya dengan kepindahan saya ke tempat tinggal yang berbeda?,4
Saya mencari bantuan untuk pindah ke tempat baru.,4
Bisakah Anda memberikan dukungan untuk relokasi saya ke tempat tinggal lain?,4
Saya membutuhkan bimbingan untuk pindah ke tempat tinggal yang berbeda.,4
Saya membutuhkan bantuan untuk relokasi saya ke alamat baru.,4
Bisakah Anda membantu saya dengan transisi ke lokasi yang berbeda?,4
Saya membutuhkan bantuan dalam pindah ke rumah baru.,4
Bisakah Anda membantu saya pindah ke tempat lain?,4
Saya mencari dukungan dengan perubahan lokasi hidup saya.,4
Saya butuh bantuan dalam proses pindah ke tempat tinggal yang berbeda.,4
Bisakah Anda memberikan bantuan dengan relokasi saya?,4
Saya mencari bimbingan untuk kepindahan saya ke alamat baru.,4
Bisakah Anda menawarkan bantuan dengan perubahan tempat tinggal saya?,4
Saya membutuhkan bantuan untuk pindah ke lokasi yang berbeda.,4
Bisakah Anda membantu saya pindah ke tempat baru?,4
Saya mencari dukungan dalam transisi saya ke tempat tinggal yang berbeda.,4
Saya membutuhkan bantuan dalam proses mengubah rumah saya.,4
Bisakah Anda membantu saya dengan pindah ke alamat yang berbeda?,4
Saya mencari bantuan untuk pindah ke lokasi hidup baru.,4
Saya sedang dalam proses pindah ke tempat baru dan dapat menggunakan beberapa bantuan.,4
Bisakah Anda membantu saya dengan relokasi saya ke alamat yang berbeda?,4
Saya benar -benar dapat menggunakan beberapa dukungan dengan kepindahan saya ke rumah baru.,4
Saya mencari bimbingan dalam mengubah lokasi hidup saya. Bisakah Anda membantu?,4
Pindah ke tempat baru cukup luar biasa. Bisakah Anda memberikan bantuan?,4
Saya mencari bantuan untuk pindah ke tempat tinggal yang berbeda. Bisakah kamu membantuku?,4
Bisakah Anda membantu saya dengan pindah ke alamat baru? Saya membutuhkan dukungan.,4
Saya akan melalui relokasi dan dapat menggunakan beberapa panduan dalam prosesnya.,4
Bisakah Anda membantu saya dengan kepindahan saya ke tempat tinggal yang berbeda? Bantuan Anda akan dihargai.,4
Saya membutuhkan bantuan dalam proses mengubah tempat tinggal saya. Bisakah Anda memberikan bantuan?,4
Pindah ke lokasi baru sangat menantang. Bisakah Anda menawarkan bantuan dengan relokasi saya?,4
Saya mencari bantuan dengan transisi saya ke tempat tinggal yang berbeda. Bisakah Anda memberikan dukungan?,4
Bisakah Anda menawarkan beberapa panduan untuk pindah ke rumah baru? Saya bisa menggunakan bantuan Anda.,4
Saya sedang dalam proses pindah ke alamat lain. Bisakah Anda membantu saya dengan pindah?,4
Saya membutuhkan dukungan dengan perubahan lokasi hidup saya. Bisakah Anda membantu saya?,4
Bisakah Anda memberikan bantuan dengan relokasi saya ke tempat tinggal baru? Saya akan menghargai bantuan Anda.,4
Bisakah Anda membantu saya dengan pindah ke alamat baru? Saya mencari dukungan.,4
Saya mencari bantuan dengan relokasi saya ke tempat tinggal yang berbeda. Bisakah Anda memberikan bantuan?,4
Saya akan pindah ke rumah baru dan bisa menggunakan beberapa panduan. Bisakah kamu menolong?,4
Bisakah Anda menawarkan bantuan dengan perubahan tempat tinggal saya? Saya sedang dalam proses bergerak.,4
Saya membutuhkan bantuan untuk pindah ke tempat baru. Bisakah Anda memberikan dukungan?,4
Bisakah Anda menawarkan bantuan dengan perubahan tempat tinggal saya? Saya akan melalui langkah.,4
Saya membutuhkan bantuan dalam proses pindah ke tempat baru. Bisakah Anda memberikan dukungan?,4
Pindah ke alamat yang berbeda menantang. Bisakah Anda membantu saya dengan transisi?,4
Saya butuh bantuan dengan kepindahan saya ke tempat tinggal baru. Bisakah Anda memberikan beberapa panduan?,4
Saya sedang dalam proses pindah ke tempat tinggal lain dan dapat menggunakan bantuan Anda.,4
Bisakah Anda membantu saya dengan perubahan lokasi hidup saya? Saya mencari dukungan.,4
Bisakah Anda memberikan bantuan dengan relokasi saya ke alamat baru? Saya akan menghargai bantuan Anda.,4
Saya pindah ke tempat yang berbeda dan bisa menggunakan beberapa panduan. Bisakah Anda membantu saya?,4
Saya sedang dalam proses mengubah alamat saya dan dapat menggunakan bantuan Anda dengan pindah.,4
Bisakah Anda membantu saya dengan relokasi saya ke rumah baru? Saya mencari dukungan.,4
Saya mencari bantuan dengan kepindahan saya ke tempat tinggal yang berbeda. Bisakah Anda memberikan bantuan?,4
Saya sedang dalam proses pindah ke tempat tinggal baru. Bisakah Anda membantu saya dengan pindah?,4
"Mencari bantuan untuk memindahkan lemari arsip yang penuh dengan dokumen penting, bisakah Anda membantu?", 4
"Butuh bantuan untuk memindahkan sofa dan beberapa meja saya, dapatkah Anda membantu mengangkatnya?", 4
"Saya sedang dalam proses pindahan dan membutuhkan bantuan untuk memindahkan meja konferensi.", 4
"Mencari bantuan untuk memindahkan lemari arsip yang penuh dengan dokumen penting ke kantor baru.", 4
"Saya mencari bantuan untuk memindahkan lemari arsip dan rak buku, bisakah Anda membantu?", 4
"Bantuan dibutuhkan untuk mengangkat beban berat - memindahkan peralatan seperti lemari es dan mesin cuci.", 4
"Akan segera pindah rumah dan butuh bantuan untuk memindahkan berbagai perabotan, apakah Anda bisa membantu?", 4
"Saya memiliki beberapa sofa, meja, dan meja konferensi yang perlu diangkut, bisakah Anda membantu?", 4
"Saya membutuhkan bantuan untuk memindahkan rak buku yang penuh dengan buku, apakah Anda bisa membantu?", 4
"Dapatkah Anda membantu memindahkan beberapa perabot, termasuk sofa, meja, dan meja konferensi?", 4
"Saya sedang dalam proses pindahan dan membutuhkan bantuan untuk mengangkat barang, dapatkah Anda membantu?", 4
"Segera pindah rumah dan butuh bantuan untuk memindahkan lemari arsip yang penuh dengan dokumen.", 4
"Butuh bantuan untuk memindahkan peralatan rumah tangga seperti lemari es dan mesin cuci ke tempat baru.", 4
"Mencari bantuan untuk memindahkan sofa, meja, dan meja konferensi, apakah Anda tersedia?", 4
"Saya memiliki beberapa lemari arsip yang penuh dengan dokumen penting yang perlu diangkut, apakah Anda bisa membantu?", 4
"Butuh bantuan untuk memindahkan rak buku yang penuh dengan buku, bisakah Anda membantu?", 4
"Akan segera pindah rumah dan butuh bantuan untuk memindahkan peralatan rumah tangga seperti kulkas dan mesin cuci.", 4
"Dapatkah Anda membantu dengan pekerjaan berat - memindahkan sofa, meja, dan meja konferensi?", 4
"Saya sedang dalam proses pindahan dan membutuhkan bantuan untuk memindahkan lemari arsip yang penuh dengan dokumen.", 4
"Mencari bantuan untuk memindahkan rak buku yang penuh dengan buku, bisakah Anda membantu?", 4
"Perlu bantuan untuk memindahkan berbagai perabot, termasuk sofa, meja, dan meja konferensi.", 4
"Perlu bantuan untuk mengangkat beban berat untuk memindahkan lemari arsip yang penuh dengan dokumen penting.", 4
"Saya memiliki rak buku yang penuh dengan buku-buku yang perlu diangkut, bisakah Anda membantu?", 4
"Akan segera pindah rumah dan butuh bantuan untuk memindahkan peralatan seperti lemari es dan mesin cuci.", 4
"Saya mencari bantuan untuk memindahkan lemari arsip yang penuh dengan dokumen-dokumen penting, bisakah Anda membantu?", 4
"Saya butuh bantuan untuk memindahkan rak buku yang penuh dengan buku-buku, apakah Anda bisa membantu?", 4
"Saya mencari bantuan untuk memindahkan peralatan rumah tangga seperti lemari es dan mesin cuci, apakah Anda bisa membantu?", 4
"Saya memiliki beberapa perabot, termasuk sofa, meja, dan meja konferensi, yang perlu diangkut.", 4
"Butuh bantuan untuk memindahkan lemari arsip yang penuh dengan dokumen penting, bisakah Anda membantu?", 4
"Bantuan diperlukan untuk mengangkat beban berat untuk memindahkan rak buku yang penuh dengan buku.", 4
"Saya memiliki peralatan seperti lemari es dan mesin cuci yang perlu dipindahkan, bisakah Anda membantu?", 4
"Dapatkah Anda membantu memindahkan sofa, meja, dan meja konferensi ke tempat yang baru?", 4
"Bisakah Anda membantu memindahkan sofa saya ke tempat yang baru?", 4
"Saya butuh bantuan untuk memindahkan sofa saya ke ruangan lain, bisakah Anda membantu?", 4
"Kami akan pindah kantor dan butuh bantuan untuk memindahkan meja kami ke ruang kantor yang baru.", 4
"Saya memiliki beberapa meja yang perlu diangkut, apakah Anda bisa membantu?", 4
"Dibutuhkan bantuan untuk memindahkan meja konferensi untuk acara yang akan datang, bisakah Anda membantu?", 4
"Mencari bantuan untuk memindahkan meja konferensi ke ruang konferensi, bisakah Anda membantu?", 4
"Sedang dalam proses pemindahan, dan dapat membantu memindahkan lemari arsip yang penuh dengan dokumen.", 4
"Butuh bantuan untuk memindahkan lemari arsip, lemari arsip itu berat karena penuh dengan dokumen-dokumen penting.", 4
"Saya punya banyak lemari arsip yang harus dipindahkan, apakah Anda bisa membantu?", 4
"Saya akan segera pindah dan butuh bantuan untuk memindahkan rak buku yang penuh dengan buku, apakah Anda bisa membantu?", 4
"Bisakah Anda membantu memindahkan rak buku yang tinggi dan lebar yang penuh dengan buku ke tempat yang baru?", 4
"Kami membutuhkan bantuan untuk memindahkan peralatan rumah tangga seperti lemari es dan mesin cuci, apakah Anda bersedia?", 4
"Kami akan pindah rumah dan butuh bantuan untuk memindahkan peralatan ke rumah baru.", 4
"Saya memiliki lemari es dan mesin cuci yang perlu diangkut, apakah Anda bisa membantu?", 4
"Bantuan diperlukan untuk memindahkan peralatan berat, bisakah Anda membantu?", 4
"Bisakah Anda membantu memindahkan sofa dan beberapa meja saya ke lokasi baru?", 4
"Saya mencari seseorang untuk membantu memindahkan meja konferensi untuk sebuah acara, apakah Anda bersedia?", 4
"Saya butuh bantuan untuk memindahkan lemari arsip yang penuh dengan dokumen, mereka cukup berat.", 4
"Saya memiliki satu set rak buku yang penuh dengan buku-buku yang perlu dipindahkan, bisakah Anda membantu?", 4
"Akan segera pindah rumah dan butuh bantuan untuk memindahkan peralatan seperti kulkas dan mesin cuci.", 4
"Bisakah Anda membantu memindahkan kursi sofa dan beberapa meja ke tempat baru?", 4
"Saya membutuhkan bantuan dengan memindahkan meja konferensi untuk acara, bisakah Anda membantu?", 4
"Kami sedang dalam proses pindah dan bisa menggunakan dukungan untuk memindahkan lemari arsip yang penuh dengan dokumen.", 4
"Perlu bantuan untuk memindahkan lemari arsip, mereka berat dengan dokumen penting.", 4
"Bisakah Anda membantu memindahkan rak buku yang tinggi dan lebar yang penuh dengan buku ke tempat baru?", 4
"Kami sedang pindah dan membutuhkan bantuan untuk memindahkan peralatan ke rumah baru.", 4
"Diperlukan bantuan untuk memindahkan peralatan berat, bisa Anda memberikan bantuan?", 4
"Bisakah Anda membantu memindahkan sofa, meja, dan meja konferensi ke tempat baru?", 4
"Saya mencari dukungan untuk memindahkan lemari arsip dan rak buku, bisa Anda membantu?", 4
"Bantuan diperlukan dengan mengangkat peralatan berat - memindahkan lemari es dan mesin cuci.", 4
"Kami akan segera pindah dan membutuhkan bantuan dengan memindahkan berbagai perabotan, apakah Anda tersedia?", 4
"Saya memiliki beberapa sofa, meja, dan meja konferensi yang perlu dipindahkan, bisa Anda membantu?", 4
"Diperlukan bantuan untuk memindahkan lemari arsip yang penuh dengan dokumen, bisa membantu?", 4
"Saya memiliki beberapa rak buku yang perlu dipindahkan, bisa Anda bantu?", 4
"Bantuan diperlukan dengan memindahkan peralatan seperti lemari es dan mesin cuci, bisa membantu?", 4
"Kami sedang pindah dan membutuhkan bantuan untuk memindahkan sofa, meja, dan meja konferensi ke rumah baru.", 4
"Bantuan diperlukan dengan memindahkan rak buku yang tinggi dan lebar yang penuh dengan buku, bisa Anda bantu?", 4
"Saya memiliki beberapa peralatan berat seperti lemari es dan mesin cuci yang perlu dipindahkan, bisa membantu?", 4
"Bisakah Anda membantu dengan memindahkan sofa, meja, dan meja konferensi ke tempat baru?", 4
"Saya mencari dukungan untuk memindahkan lemari arsip yang penuh dengan dokumen, bisa Anda membantu?", 4
"Bisakah Anda memberikan bantuan untuk memindahkan sofa ke tempat baru?", 4
"Saya membutuhkan bantuan untuk memindahkan kursi sofa ke ruangan yang berbeda, bisakah Anda membantu?", 4
"Kami pindah dan memerlukan bantuan untuk memindahkan meja-meja ke kantor baru.", 4
"Saya memiliki beberapa meja yang perlu dipindahkan, ada kesempatan untuk membantu?", 4
"Bantuan diperlukan untuk memindahkan meja konferensi untuk acara mendatang, bisakah Anda membantu?", 4
"Mencari dukungan untuk memindahkan meja konferensi ke ruang konferensi, bisa membantu?", 4
"Sedang pindah dan membutuhkan bantuan untuk memindahkan lemari arsip yang penuh dengan dokumen.", 4
"Butuh bantuan untuk memindahkan lemari arsip, mereka berat dengan dokumen penting.", 4
"Saya punya beberapa lemari arsip yang perlu dipindahkan, ada kesempatan Anda bisa membantu?", 4
"Sedang pindah dan butuh bantuan dengan merelokasi rak buku yang tinggi dan lebar yang penuh dengan buku, bisakah Anda membantu?", 4
"Bisakah Anda memberikan bantuan untuk memindahkan rak buku yang tinggi dan lebar yang penuh dengan buku ke tempat baru?", 4
"Bantuan diperlukan dengan memindahkan peralatan seperti lemari es dan mesin cuci di rumah.", 4
"Kami pindah dan membutuhkan bantuan untuk memindahkan peralatan ke rumah baru.", 4
"Saya memiliki lemari es dan mesin cuci yang perlu dipindahkan, apakah Anda bisa membantu?", 4
"Diperlukan bantuan untuk memindahkan peralatan berat, bisakah Anda memberikan bantuan?", 4
"Bisakah Anda membantu memindahkan sofa dan beberapa meja ke tempat baru?", 4
"Sedang mencari seseorang untuk membantu memindahkan meja konferensi untuk acara, apakah Anda tersedia?", 4
"Bantuan diperlukan untuk memindahkan lemari arsip yang penuh dengan dokumen, mereka cukup berat.", 4
"Saya memiliki set rak buku yang penuh dengan buku yang perlu dipindahkan, bisakah Anda membantu?", 4
"Pindah segera dan membutuhkan bantuan dengan memindahkan peralatan seperti lemari es dan mesin cuci.", 4
"Membutuhkan bantuan dengan lemari arsip yang penuh dengan dokumen selama pemindahan." , 4
"Dibutuhkan bantuan untuk memindahkan rak buku yang tinggi dan penuh dengan buku, bisakah Anda membantu?" , 4
"Butuh bantuan untuk memindahkan peralatan rumah tangga seperti lemari es dan mesin cuci." , 4
"Dapatkah Anda membantu memindahkan lemari arsip yang penuh dengan dokumen?" , 4
"Mencari bantuan untuk memindahkan lemari arsip yang penuh dengan dokumen penting, bisakah Anda membantu?" , 4
"Beberapa perabot, termasuk sofa, meja, dan meja konferensi, perlu dipindahkan ke lokasi baru." , 4
"Memindahkan lemari arsip yang penuh dengan dokumen penting, apakah Anda bisa membantu?" , 4
"Perlu memindahkan rak buku yang penuh dengan buku, terutama yang tinggi dan lebar, dapatkah Anda membantu?" , 4
"Perlu bantuan memindahkan lemari arsip yang penuh dengan dokumen yang akan dipindahkan, dapatkah Anda membantu?" , 4
"Beberapa rak buku yang tinggi dan penuh dengan buku perlu dipindahkan, dapatkah Anda membantu?" , 4
"Perlu bantuan untuk memindahkan peralatan rumah tangga seperti lemari es dan mesin cuci saat pindahan." , 4
"Saya akan pindah rumah dan membutuhkan bantuan untuk memindahkan lemari arsip yang penuh dengan dokumen." , 4
"Perlu bantuan untuk memindahkan rak buku tinggi yang penuh dengan buku, bisakah Anda membantu?" , 4
"Perlu bantuan untuk memindahkan peralatan rumah tangga, seperti lemari es dan mesin cuci." , 4
"Perlu bantuan untuk memindahkan peralatan rumah tangga seperti kulkas dan mesin cuci saat pindahan." , 4
"Dapatkah Anda membantu memindahkan sofa, meja, dan meja konferensi ke lokasi baru?" , 4
"Saya perlu bantuan untuk memindahkan lemari arsip yang penuh dengan dokumen, bisakah Anda membantu?" , 4
"Memindahkan rak buku yang tinggi dan penuh dengan buku, butuh bantuan, apakah Anda punya waktu?" , 4
"Perlu memindahkan peralatan rumah tangga seperti kulkas dan mesin cuci, dapatkah Anda membantu?" , 4
"Memindahkan sofa, meja, dan meja konferensi, butuh bantuan untuk memindahkannya ke lokasi baru." , 4
"Ada lemari arsip yang penuh dengan dokumen penting yang perlu dipindahkan, bisakah Anda menawarkan bantuan?" , 4
"Memindahkan rak buku yang tinggi dan berisi banyak buku, butuh bantuan, apakah Anda punya waktu?" , 4
"Kami mencari bantuan untuk memindahkan perabotan termasuk sofa dan dipan. Bisakah Anda menjadi penolong kami?", 4
"Kami memiliki lemari arsip yang penuh dengan dokumen. Bisakah Anda membantu kami memindahkannya?", 4
"Kami mencari bantuan untuk memindahkan perabotan, termasuk sofa dan dipan. Bisakah Anda membantu kami dengan ini?", 4
"Butuh bantuan untuk mengangkut berbagai macam meja. Dapatkah Anda menawarkan bantuan Anda dalam upaya ini?", 4
"Kami membutuhkan bantuan untuk mengangkut meja konferensi. Bantuan Anda akan sangat kami hargai.", 4
"Kami memiliki lemari arsip yang penuh dengan dokumen. Dapatkah Anda membantu kami memindahkannya?", 4
"Kami butuh bantuan untuk memindahkan rak buku yang tinggi dan lebar yang penuh dengan buku. Partisipasi Anda sangat penting bagi kami.", 4
"Kami memiliki peralatan rumah tangga seperti lemari es dan mesin cuci. Kami membutuhkan bantuan Anda untuk memindahkannya.", 4
"Kami mencari bantuan yang dapat diandalkan untuk memindahkan sofa dan dipan. Apakah Anda bersedia membantu kami?", 4
"Kami membutuhkan bantuan untuk mengangkut berbagai macam meja. Dapatkah Anda membantu kami dalam upaya ini?", 4
"Kami membutuhkan bantuan untuk mengangkut meja-meja konferensi. Kami sangat menghargai partisipasi Anda.", 4.
"Lemari arsip yang penuh dengan dokumen menunggu untuk diangkut. Dapatkah Anda menawarkan bantuan Anda?", 4.
"Butuh bantuan untuk mengangkut rak buku yang tinggi dan lebar yang penuh dengan buku. Bantuan Anda sangat penting bagi kami.", 4
"Kami memiliki banyak peralatan di rumah kami, seperti kulkas dan mesin cuci. Kami membutuhkan bantuan Anda untuk memindahkannya.", 4
"Kami butuh bantuan untuk memindahkan sofa dan dipan. Bisakah Anda menjadi pembantu kami?", 4
"Kami mencari orang yang bersedia membantu memindahkan meja. Mungkin Anda bisa membantu kami?", 4
"Butuh bantuan untuk memindahkan meja konferensi. Kami sangat menghargai bantuan Anda.", 4
"Kami memiliki lemari arsip yang penuh dengan dokumen yang perlu dipindahkan. Bisakah Anda membantu?", 4
"Butuh bantuan untuk memindahkan rak buku yang tinggi dan lebar yang penuh dengan buku. Kami mengharapkan bantuan Anda.", 4
"Kami memiliki peralatan di rumah kami seperti lemari es dan mesin cuci. Kami membutuhkan bantuan Anda untuk memindahkannya.", 4
"Bisakah Anda menjadi pembantu kami untuk memindahkan sofa dan dipan?", 4
"Kami mencari bantuan untuk memindahkan meja. Mungkin Anda memiliki waktu dan kesediaan untuk membantu?", 4
"Kami mencari bantuan untuk mengangkut meja-meja konferensi. Kami sangat menghargai bantuan Anda.", 4.
"Ada lemari arsip yang penuh dengan dokumen-dokumen penting. Kami membutuhkan bantuan Anda untuk memindahkannya.", 4
"Butuh bantuan untuk memindahkan rak buku yang tinggi dan lebar yang penuh dengan buku. Dapatkah Anda membantu?", 4
"Dapatkah Anda membantu memindahkan sofa dan dipan? Kami membutuhkan bantuan Anda.", 4
"Kami butuh bantuan untuk memindahkan meja. Bisakah Anda membantu?", 4
"Kami mencari bantuan untuk memindahkan meja konferensi. Bisakah Anda membantu?", 4
"Butuh bantuan untuk memindahkan lemari arsip, terutama lemari arsip logam yang penuh dengan dokumen. Bisakah Anda membantu?", 4
"Memiliki rak buku yang tinggi dan lebar yang penuh dengan buku, butuh bantuan untuk memindahkannya. Apakah Anda bersedia membantu?", 4
"Ada beberapa peralatan di rumah seperti kulkas dan mesin cuci. Kami membutuhkan bantuan Anda untuk memindahkannya.", 4
"Dapatkah Anda membantu saya memindahkan sofa dan sofa saya?" , 4
"Bisakah Anda membantu saya memindahkan meja saya?" , 4
"Dapatkah Anda membantu kami memindahkan meja konferensi ke lokasi baru?" , 4
"Dapatkah Anda membantu kami memindahkan lemari arsip yang terbuat dari logam dan berisi banyak dokumen?" , 4
"Saya butuh bantuan untuk memindahkan rak buku yang tinggi dan lebar yang berisi banyak buku. Dapatkah Anda membantu?" , 4
"Saya ingin sekali mendapatkan bantuan untuk memindahkan peralatan rumah tangga, seperti kulkas dan mesin cuci, ke lokasi baru." , 4
"Bisakah Anda membantu saya memindahkan sofa dan sofa saya?" , 4
"Bisakah Anda membantu saya memindahkan meja kerja saya?" , 4
"Saya perlu bantuan untuk memindahkan meja konferensi saya ke lokasi baru." , 4
"Dapatkah Anda membantu saya memindahkan lemari arsip logam yang penuh dengan dokumen?" , 4
"Saya perlu bantuan untuk memindahkan rak buku yang tinggi dan penuh dengan berbagai macam buku." , 4
"Saya butuh bantuan untuk memindahkan peralatan seperti kulkas dan mesin cuci ke lokasi baru." , 4
"Bisakah Anda membantu kami dengan memindahkan sofa dan dipan? Bantuan Anda akan sangat kami hargai.", 4
"Kami membutuhkan bantuan untuk memindahkan berbagai meja. Bisakah Anda membantu kami dengan ini?", 4
"Maukah Anda membantu kami memindahkan meja konferensi? Itu akan sangat luar biasa.", 4
"Lemari arsip kami, terutama yang terbuat dari logam dan penuh dengan dokumen, perlu dipindahkan. Bisakah Anda membantu kami dengan ini?", 4
"Kami butuh bantuan untuk memindahkan rak buku yang tinggi dan lebar yang penuh dengan buku. Bantuan Anda sangat penting bagi kami.", 4
"Bisakah Anda membantu kami memindahkan sofa dan dipan? Kami akan sangat berterima kasih atas bantuan Anda.", 4
"Kami mencari bantuan untuk memindahkan berbagai meja. Bisakah Anda memberikan bantuan Anda?", 4
"Butuh bantuan untuk memindahkan meja konferensi. Apakah Anda bisa membantu kami?", 4
"Kami butuh bantuan untuk memindahkan rak buku yang tinggi dan lebar yang penuh dengan buku. Kerja sama Anda sangat penting bagi kami.", 4
"Kami memiliki peralatan rumah tangga seperti kulkas dan mesin cuci di rumah kami. Bisakah Anda membantu kami memindahkannya?", 4
"Butuh bantuan untuk memindahkan berbagai meja. Bisakah Anda membantu kami?", 4
"Bisakah Anda membantu kami memindahkan meja konferensi? Itu akan sangat bagus.", 4
"Bantuan pemindahan diperlukan untuk rak buku yang tinggi dan lebar yang penuh dengan buku. Partisipasi Anda sangat penting bagi kami.", 4
"Kami mencari bantuan untuk memindahkan perabot, termasuk sofa dan dipan. Bisakah Anda membantu kami?", 4
"Butuh bantuan untuk memindahkan berbagai meja. Dapatkah Anda menawarkan bantuan Anda?", 4
"Kami membutuhkan bantuan untuk memindahkan meja konferensi. Apakah Anda bersedia membantu kami dengan ini?", 4
"Kami memiliki lemari arsip, terutama yang terbuat dari logam dan penuh dengan dokumen. Dapatkah Anda membantu kami memindahkannya?", 4
"Kami butuh bantuan untuk memindahkan rak buku yang tinggi dan lebar yang penuh dengan buku. Bantuan Anda akan sangat berarti bagi kami.", 4
"Ada peralatan rumah tangga seperti kulkas dan mesin cuci di rumah kami. Kami butuh bantuan untuk memindahkannya.", 4
"Kami sangat menghargai bantuan untuk memindahkan sofa dan dipan, bisakah Anda membantu kami?", 4
"Kami butuh bantuan untuk memindahkan beberapa meja - bisakah Anda menawarkan bantuan Anda?", 4
"Apakah Anda bersedia membantu kami memindahkan meja konferensi ke lokasi baru?", 4
"Kami memiliki lemari arsip, terutama yang terbuat dari logam dan penuh dengan dokumen, bisakah Anda membantu kami memindahkannya?", 4
"Kami membutuhkan bantuan untuk memindahkan rak buku yang tinggi dan lebar yang penuh dengan buku. Bantuan Anda akan sangat berharga.", 4
"Di rumah kami ada peralatan listrik seperti kulkas dan mesin cuci. Kami butuh bantuan untuk memindahkannya.", 4
"Bisakah Anda membantu kami memindahkan sofa dan dipan? Bantuan Anda akan sangat kami hargai.", 4
"Saya butuh bantuan untuk memindahkan beberapa meja. Bisakah Anda membantu kami?", 4
"Maukah Anda membantu kami memindahkan meja konferensi ke lokasi baru? Itu akan sangat bagus.", 4
"Kami memiliki lemari arsip, terutama yang terbuat dari logam dan penuh dengan dokumen. Bisakah Anda membantu kami memindahkannya?", 4
"Kami membutuhkan bantuan untuk memindahkan rak buku yang tinggi dan lebar yang penuh dengan buku. Kerja sama Anda akan sangat berharga.", 4
"Ada peralatan rumah tangga seperti kulkas dan mesin cuci di rumah kami. Kami membutuhkan bantuan untuk memindahkannya.", 4
"Kami mencari bantuan untuk memindahkan sofa dan dipan. Bisakah Anda membantu kami?", 4
"Saya butuh bantuan untuk mengangkut beberapa meja. Bisakah Anda memberikan bantuan?", 4
"Apakah Anda bersedia membantu kami memindahkan meja konferensi ke lokasi baru? Itu akan sangat bagus.", 4
"Lemari arsip kami, terutama yang terbuat dari logam dan penuh dengan dokumen, perlu diangkut. Bisakah Anda membantu kami?", 4
"Kami mencari sukarelawan untuk memindahkan sofa dan dipan. Bisakah Anda membantu kami?", 4
"Kami membutuhkan bantuan untuk mengangkut beberapa meja. Bisakah Anda menawarkan bantuan Anda?", 4
"Apakah Anda bersedia membantu kami memindahkan meja-meja konferensi ke lokasi baru? Kesediaan Anda akan sangat berharga.", 4
"Saya membutuhkan bantuan untuk mengangkut rak buku yang tinggi dan lebar yang penuh dengan buku. Kerja sama Anda akan sangat kami hargai.", 4
"Kami mencari sukarelawan untuk membantu kami memindahkan sofa dan dipan. Bisakah Anda membantu kami?", 4
"Saya butuh bantuan untuk memindahkan beberapa meja. Apakah Anda bersedia membantu?", 4
"Apakah Anda bersedia membantu kami memindahkan meja konferensi ke lokasi baru? Kerja sama Anda akan sangat berharga.", 4
"Lemari arsip kami, terutama yang terbuat dari logam dan penuh dengan dokumen, perlu diangkut. Bisakah Anda memberikan bantuan kepada kami?", 4
"Saya membutuhkan bantuan untuk mengangkut rak buku yang tinggi dan lebar yang penuh dengan buku. Kesediaan Anda akan sangat kami hargai.", 4
"Di rumah kami ada peralatan rumah tangga seperti kulkas dan mesin cuci. Kami membutuhkan bantuan untuk mengangkutnya.", 4
"Kami mencari sukarelawan untuk membantu kami memindahkan meja konferensi. Apakah Anda bersedia melakukan pekerjaan itu?", 4
"Pemindahan sofa dan kursi akan segera dilakukan, dan kami membutuhkan sukarelawan untuk membantu. Apakah Anda bersedia?", 4
"Pemindahan kantor membutuhkan bantuan. Bisakah Anda membantu mengangkut berbagai kantor ke lokasi baru?", 4
"Apakah mungkin untuk mengandalkan bantuan Anda untuk mengangkut meja konferensi ke lokasi baru? Kesediaan Anda akan sangat berharga", 4
"Lemari arsip, terutama yang terbuat dari logam dan berisi dokumen, perlu dipindahkan. Bisakah Anda membantu kami dalam hal ini?", 4
"Kami membutuhkan bantuan untuk mengangkut rak buku yang tinggi dan lebar yang penuh dengan buku. Kerja sama Anda akan sangat kami hargai", 4
"Kami ingin membantu memindahkan meja konferensi kami. Bisakah kami mengandalkan bantuan Anda?", 4
"Kami membutuhkan bantuan Anda untuk memindahkan sofa dan kursi. Apakah Anda bersedia membantu kami?", 4
"Pemindahan kantor membutuhkan bantuan. Apakah Anda dapat membantu dengan transportasi?", 4
"Apakah mungkin bagi Anda untuk terlibat dalam memindahkan meja-meja konferensi ke lokasi baru? Partisipasi Anda akan sangat berharga", 4
"Lemari arsip, terutama yang terbuat dari logam dan penuh dengan dokumen, perlu dipindahkan. Bisakah Anda membantu dengan tugas ini?", 4
"Mengangkut rak buku yang tinggi dan lebar yang penuh dengan buku bisa menjadi operasi yang rumit. Bantuan Anda akan sangat kami hargai", 4
"Di rumah kami ada peralatan rumah tangga seperti kulkas dan mesin cuci. Kami butuh bantuan untuk mengangkutnya.", 4
"Kami mencari bantuan untuk mengangkut meja konferensi. Apakah Anda bersedia?", 4
"Kami membutuhkan bantuan untuk memindahkan sofa dan kursi. Bisakah Anda membantu kami?", 4
"Kami membutuhkan bantuan untuk memindahkan berbagai meja. Bisakah kami mengandalkan bantuan Anda?", 4
"Apakah mungkin untuk membantu kami mengangkut meja konferensi ke lokasi baru? Kesediaan Anda akan sangat kami hargai", 4
"Lemari arsip kami, terutama yang terbuat dari logam dan penuh dengan dokumen, perlu dipindahkan. Bisakah Anda membantu kami dengan hal ini?", 4
"Kami butuh bantuan untuk memindahkan rak buku yang tinggi dan lebar yang penuh dengan buku. Bantuan Anda akan sangat berharga", 4
"Di rumah, kami memiliki peralatan rumah tangga seperti kulkas dan mesin cuci. Kami butuh bantuan untuk memindahkannya", 4
"Kami meminta bantuan untuk mengangkut sofa dan dipan. Apakah ada yang bersedia membantu?", 4
"Kantor baru kami membutuhkan bantuan untuk memindahkan meja. Apakah Anda bersedia?", 4
"Kami membutuhkan tenaga untuk memindahkan meja konferensi. Bisakah Anda membantu?", 4
"Tolong bantu kami memindahkan lemari arsip, terutama yang terbuat dari logam dan penuh dengan dokumen. Ada yang bersedia membantu?", 4
"Memindahkan rak buku kami bisa menjadi tantangan tersendiri. Kami butuh bantuan, terutama yang tinggi dan lebar. Apakah Anda bersedia membantu?", 4
"Kami memiliki beberapa peralatan di rumah kami, seperti kulkas dan mesin cuci, yang perlu dipindahkan. Bisakah Anda membantu kami?", 4
"Kami mencari bantuan untuk memindahkan meja. Apakah Anda punya waktu untuk membantu?", 4
"Kami membutuhkan bantuan untuk memindahkan meja konferensi. Apakah Anda bisa membantu kami?", 4
"Kami membutuhkan bantuan untuk memindahkan lemari arsip kami, terutama yang terbuat dari logam dan penuh dengan dokumen. Bisakah Anda membantu?", 4
"Memindahkan lemari buku kami adalah sebuah tantangan, terutama jika lemari buku itu tinggi dan lebar dan penuh dengan buku. Apakah Anda bersedia membantu?", 4
"Rumah kami memiliki banyak peralatan seperti lemari es, mesin cuci, dan lainnya. Kami butuh bantuan untuk memindahkannya.", 4
"Ada peralatan seperti kulkas dan mesin cuci di dalam rumah. Kami butuh bantuan untuk memindahkannya.", 4
"Kami ingin bantuan untuk memindahkan sofa dan dipan. Bisakah Anda membantu kami?", 4
"Kami mencari bantuan untuk membantu memindahkan meja. Bisakah Anda membantu?", 4
"Kami ingin memindahkan meja-meja konferensi. Bisakah kami mendapatkan bantuan Anda?", 4
"Rak buku yang panjang dan lebar bisa jadi sulit untuk dipindahkan, terutama yang penuh dengan buku. Kami mengharapkan bantuan Anda.", 4
"Di rumah kami ada peralatan seperti kulkas dan mesin cuci. Kami butuh bantuan untuk memindahkannya.", 4
"Kami mencari dukungan untuk memindahkan meja konferensi. Apakah Anda bisa membantu?", 4
"Kami butuh bantuan untuk memindahkan sofa dan kursi. Bisakah Anda membantu kami?", 4
"Kami mencari bantuan untuk memindahkan beberapa meja. Bisakah saya mengandalkan bantuan Anda?", 4
"Apakah Anda bersedia membantu kami memindahkan meja konferensi ke lokasi baru? Kesediaan Anda akan sangat berharga.", 4
"Lemari arsip kami, terutama yang terbuat dari logam dan penuh dengan dokumen, perlu dipindahkan. Bisakah Anda membantu kami?", 4
"Saya butuh bantuan untuk memindahkan rak buku yang tinggi dan lebar yang penuh dengan buku. Bantuan Anda akan sangat saya hargai.", 4
"Kami membutuhkan relawan untuk membantu kami memindahkan sofa dan kursi. Adakah yang bisa membantu?", 4
"Kami mencari bantuan untuk memindahkan meja-meja. Apakah ada yang bersedia membantu?", 4
"Adakah yang bersedia membantu kami memindahkan meja konferensi ke lokasi baru? Kerja sama Anda akan sangat kami hargai.", 4
"Lemari arsip kami, terutama yang terbuat dari logam dan penuh dengan dokumen, perlu dipindahkan. Adakah yang bisa membantu?", 4
"Saya butuh bantuan untuk memindahkan rak buku yang tinggi dan lebar yang penuh dengan buku. Apakah ada yang bisa membantu?", 4
"Di rumah kami, kami memiliki peralatan rumah tangga seperti kulkas dan mesin cuci. Kami butuh bantuan untuk memindahkannya.", 4
"Kami mencari bantuan untuk memindahkan meja-meja konferensi. Apakah ada yang bersedia membantu?", 4
"Untuk pemindahan sofa dan kursi dalam waktu dekat, kami membutuhkan sukarelawan untuk membantu kami. Siapa yang bisa membantu?", 4
"Relokasi kantor membutuhkan bantuan. Apakah ada yang bisa membantu mengangkut beberapa meja ke lokasi baru?", 4
"Apakah mungkin untuk mengandalkan bantuan Anda untuk memindahkan meja konferensi ke lokasi baru? Kesediaan Anda akan sangat kami hargai.", 4
"Lemari arsip kami, terutama yang terbuat dari logam dan penuh dengan dokumen, perlu dipindahkan. Bisakah Anda membantu dalam hal ini?", 4
"Tugas mengangkut lemari buku yang tinggi dan lebar yang penuh dengan buku bisa menjadi tantangan tersendiri. Bantuan Anda akan sangat berharga.", 4
"Di rumah kami, kami memiliki peralatan rumah tangga seperti kulkas dan mesin cuci. Kami butuh bantuan untuk mengangkutnya.", 4
"Memindahkan lemari buku yang tinggi dan lebar yang penuh dengan buku bisa jadi membosankan. Bisakah Anda membantu?", 4
"Di rumah kami ada peralatan seperti lemari es dan mesin cuci yang perlu dipindahkan. Bisakah Anda membantu?", 4
"Kami butuh bantuan untuk memindahkan sofa dan dipan. Bisakah Anda membantu kami?", 4
"Kami membutuhkan bantuan untuk memindahkan meja. Bisakah Anda membantu?", 4
"Kami membutuhkan bantuan untuk memindahkan meja konferensi. Bisakah Anda memberikan bantuan?", 4
"Memindahkan rak buku yang tinggi dan lebar yang penuh dengan buku bisa melelahkan. Bisakah Anda memberikan bantuan?", 4
"Di rumah kami ada peralatan seperti lemari es dan mesin cuci yang perlu dipindahkan. Bisakah Anda membantu kami?", 4
"Kami meminta bantuan untuk memindahkan sofa dan dipan. Bisakah Anda memberikan bantuan?", 4
"Kantor baru kami membutuhkan bantuan untuk memindahkan meja kerja. Apakah Anda bisa membantu?", 4
"Kami membutuhkan bantuan untuk memindahkan meja konferensi. Bisakah Anda membantu kami?", 4
"Memindahkan lemari arsip, terutama yang terbuat dari logam dan penuh dengan dokumen, membutuhkan bantuan. Dapatkah Anda membantu?", 4
"Saya butuh bantuan untuk memindahkan sofa dan sofa saya. Bisakah Anda membantu?", 4
"Saya butuh bantuan untuk memindahkan meja saya. Bisa kau bantu?", 4
"Saya mencoba memindahkan meja konferensi. Bisakah Anda membantu?", 4
"Saya butuh bantuan untuk memindahkan lemari arsip, terutama yang penuh dengan dokumen yang terbuat dari logam. Bisakah Anda membantu?", 4
"Memindahkan rak buku yang penuh dengan buku-buku yang tinggi dan lebar bisa merepotkan. Saya butuh bantuan.", 4
"Saya memiliki banyak peralatan di rumah, seperti kulkas dan mesin cuci. Saya butuh bantuan untuk memindahkannya.", 4